{
    "query": {
        "metrics": [
            "signal_strength_avg",
            "top_x",
            "bottom_y",
            "top_x",
            "top_y",
            "bottom_x",
            "top_y",
            "bottom_x",
            "bottom_y",
            "lat_avg",
            "lon_avg"
        ],
        "facets": [
            "raster_cell_id_x",
            "raster_cell_id_y"
        ],
        "namespace": {
            "cos_lat_bottom": {
                "source": [
                    "lat_bottom"
                ],
                "apply": [
                    {
                        "params": [
                            0.0174532925
                        ],
                        "type": "transform",
                        "fn": "mult"
                    },
                    {
                        "type": "transform",
                        "fn": "cos"
                    }
                ]
            },
            "raster_cell_id_y": {
                "source": [
                    "lat"
                ],
                "apply": [
                    {
                        "params": [
                            110574
                        ],
                        "type": "transform",
                        "fn": "mult"
                    },
                    {
                        "params": [
                            250
                        ],
                        "type": "transform",
                        "fn": "div"
                    },
                    {
                        "type": "transform",
                        "fn": "floor"
                    }
                ]
            },
            "raster_cell_id_x": {
                "source": [
                    "lon",
                    "raster_cell_id_cos"
                ],
                "apply": [
                    {
                        "type": "transform",
                        "fn": "mult"
                    },
                    {
                        "params": [
                            250
                        ],
                        "type": "transform",
                        "fn": "div"
                    },
                    {
                        "type": "transform",
                        "fn": "floor"
                    }
                ]
            },
            "bottom_x": {
                "source": [
                    "raster_cell_id_x",
                    "cos_lat_bottom"
                ],
                "apply": [
                    {
                        "type": "transform",
                        "fn": "div"
                    },
                    {
                        "params": [
                            250
                        ],
                        "type": "transform",
                        "fn": "mult"
                    },
                    {
                        "params": [
                            111320
                        ],
                        "type": "transform",
                        "fn": "div"
                    },
                    {
                        "type": "aggregate",
                        "fn": "min"
                    }
                ]
            },
            "bottom_y": {
                "source": [
                    "lat_bottom"
                ],
                "apply": [
                    {
                        "type": "aggregate",
                        "fn": "min"
                    }
                ]
            },
            "lat_top": {
                "source": [
                    "raster_cell_id_y"
                ],
                "apply": [
                    {
                        "params": [
                            1
                        ],
                        "type": "transform",
                        "fn": "add"
                    },
                    {
                        "params": [
                            250
                        ],
                        "type": "transform",
                        "fn": "mult"
                    },
                    {
                        "params": [
                            110574
                        ],
                        "type": "transform",
                        "fn": "div"
                    }
                ]
            },
            "lat_bottom": {
                "source": [
                    "raster_cell_id_y"
                ],
                "apply": [
                    {
                        "params": [
                            250
                        ],
                        "type": "transform",
                        "fn": "mult"
                    },
                    {
                        "params": [
                            110574
                        ],
                        "type": "transform",
                        "fn": "div"
                    }
                ]
            },
            "raster_cell_id_x_plus_one": {
                "source": [
                    "raster_cell_id_x"
                ],
                "apply": [
                    {
                        "params": [
                            1
                        ],
                        "type": "transform",
                        "fn": "add"
                    }
                ]
            },
            "top_y": {
                "source": [
                    "lat_top"
                ],
                "apply": [
                    {
                        "type": "aggregate",
                        "fn": "min"
                    }
                ]
            },
            "top_x": {
                "source": [
                    "raster_cell_id_x_plus_one",
                    "cos_lat_bottom"
                ],
                "apply": [
                    {
                        "type": "transform",
                        "fn": "div"
                    },
                    {
                        "params": [
                            250
                        ],
                        "type": "transform",
                        "fn": "mult"
                    },
                    {
                        "params": [
                            111320
                        ],
                        "type": "transform",
                        "fn": "div"
                    },
                    {
                        "type": "aggregate",
                        "fn": "min"
                    }
                ]
            },
            "lat_avg": {
                "source": [
                    "lat"
                ],
                "apply": [
                    {
                        "type": "aggregate",
                        "fn": "average"
                    }
                ]
            },
            "lon_avg": {
                "source": [
                    "lon"
                ],
                "apply": [
                    {
                        "type": "aggregate",
                        "fn": "average"
                    }
                ]
            },
            "signal_strength_avg": {
                "source": [
                    "signal_strength"
                ],
                "apply": [
                    {
                        "type": "transform",
                        "params": [
                            0.2302585093
                        ],
                        "fn": "mult"
                    },
                    {
                        "type": "transform",
                        "fn": "exp"
                    },
                    {
                        "type": "aggregate",
                        "fn": "average"
                    },
                    {
                        "type": "transform",
                        "fn": "log"
                    },
                    {
                        "type": "transform",
                        "params": [
                            10
                        ],
                        "fn": "mult"
                    }
                ]
            },
            "raster_cell_id_cos": {
                "source": [
                    "lat"
                ],
                "apply": [
                    {
                        "params": [
                            0.0174532925
                        ],
                        "type": "transform",
                        "fn": "mult"
                    },
                    {
                        "type": "transform",
                        "fn": "cos"
                    },
                    {
                        "params": [
                            111320
                        ],
                        "type": "transform",
                        "fn": "mult"
                    }
                ]
            },
            "provider_filter": {
                "source": [
                    {
                        "drop_if_not_provided": true,
                        "$input": "provider_filter"
                    }
                ]
            }
        },
        "filters": [
            {
                "provider": {
                    "$in": {
                        "$reference": "provider_filter"
                    }
                }
            }
        ],
        "order": [
            {
                "signal_strength_avg": "desc"
            }
        ]
    },
    "description": ""
}
